ContractName,Date,OpenSharePrice,HighSharePrice,LowSharePrice,CloseSharePrice,TradeVolume
DeSantis,10/20/2023 12:00:00 AM,$0.07,$0.08,$0.07,$0.08,2337
Trump,10/20/2023 12:00:00 AM,$0.40,$0.40,$0.39,$0.39,3261
Biden,10/20/2023 12:00:00 AM,$0.42,$0.43,$0.42,$0.43,2019
Harris,10/20/2023 12:00:00 AM,$0.04,$0.04,$0.04,$0.04,36
Buttigieg,10/20/2023 12:00:00 AM,$0.01,$0.01,$0.01,$0.01,58
Newsom,10/20/2023 12:00:00 AM,$0.10,$0.10,$0.10,$0.10,197
Ramaswamy,10/20/2023 12:00:00 AM,$0.02,$0.03,$0.02,$0.03,51
Scott,10/20/2023 12:00:00 AM,$0.01,$0.01,$0.01,$0.01,2
DeSantis,10/21/2023 12:00:00 AM,$0.08,$0.09,$0.08,$0.09,2715
Trump,10/21/2023 12:00:00 AM,$0.39,$0.40,$0.38,$0.39,898
Biden,10/21/2023 12:00:00 AM,$0.43,$0.43,$0.42,$0.42,2507
Harris,10/21/2023 12:00:00 AM,$0.04,$0.04,$0.04,$0.04,25
Buttigieg,10/21/2023 12:00:00 AM,$0.01,$0.01,$0.01,$0.01,100
Newsom,10/21/2023 12:00:00 AM,$0.10,$0.11,$0.10,$0.10,1694
Ramaswamy,10/21/2023 12:00:00 AM,$0.03,$0.03,$0.02,$0.02,65
Scott,10/21/2023 12:00:00 AM,$0.01,$0.01,$0.01,$0.01,1280
DeSantis,10/22/2023 12:00:00 AM,$0.09,$0.09,$0.08,$0.08,389
Trump,10/22/2023 12:00:00 AM,$0.39,$0.40,$0.38,$0.38,1888
Biden,10/22/2023 12:00:00 AM,$0.42,$0.43,$0.42,$0.42,2613
Harris,10/22/2023 12:00:00 AM,$0.04,$0.05,$0.04,$0.04,118
Buttigieg,10/22/2023 12:00:00 AM,$0.01,$0.01,$0.01,$0.01,112
Newsom,10/22/2023 12:00:00 AM,$0.10,$0.11,$0.10,$0.10,384
Ramaswamy,10/22/2023 12:00:00 AM,$0.02,$0.03,$0.02,$0.02,721
Scott,10/22/2023 12:00:00 AM,$0.01,$0.01,$0.01,$0.01,0
DeSantis,10/23/2023 12:00:00 AM,$0.08,$0.09,$0.08,$0.08,735
Trump,10/23/2023 12:00:00 AM,$0.38,$0.39,$0.38,$0.38,2432
Biden,10/23/2023 12:00:00 AM,$0.42,$0.43,$0.42,$0.43,420
Harris,10/23/2023 12:00:00 AM,$0.04,$0.04,$0.04,$0.04,39
Buttigieg,10/23/2023 12:00:00 AM,$0.01,$0.01,$0.01,$0.01,36
Newsom,10/23/2023 12:00:00 AM,$0.10,$0.11,$0.10,$0.10,185
Ramaswamy,10/23/2023 12:00:00 AM,$0.02,$0.03,$0.02,$0.02,28
Scott,10/23/2023 12:00:00 AM,$0.01,$0.01,$0.01,$0.01,0
DeSantis,10/24/2023 12:00:00 AM,$0.08,$0.09,$0.08,$0.09,348
Trump,10/24/2023 12:00:00 AM,$0.38,$0.39,$0.38,$0.38,2011
Biden,10/24/2023 12:00:00 AM,$0.43,$0.43,$0.41,$0.42,3153
Harris,10/24/2023 12:00:00 AM,$0.04,$0.04,$0.04,$0.04,25
Buttigieg,10/24/2023 12:00:00 AM,$0.01,$0.01,$0.01,$0.01,0
Newsom,10/24/2023 12:00:00 AM,$0.10,$0.10,$0.10,$0.10,177
Ramaswamy,10/24/2023 12:00:00 AM,$0.02,$0.03,$0.02,$0.03,111
Scott,10/24/2023 12:00:00 AM,$0.01,$0.01,$0.01,$0.01,0
DeSantis,10/25/2023 12:00:00 AM,$0.09,$0.09,$0.08,$0.09,1128
Trump,10/25/2023 12:00:00 AM,$0.38,$0.39,$0.37,$0.37,4099
Biden,10/25/2023 12:00:00 AM,$0.42,$0.44,$0.42,$0.43,3441
Harris,10/25/2023 12:00:00 AM,$0.04,$0.04,$0.04,$0.04,80
Buttigieg,10/25/2023 12:00:00 AM,$0.01,$0.02,$0.01,$0.01,978
Newsom,10/25/2023 12:00:00 AM,$0.10,$0.11,$0.10,$0.10,1325
Ramaswamy,10/25/2023 12:00:00 AM,$0.03,$0.03,$0.02,$0.02,110
Scott,10/25/2023 12:00:00 AM,$0.01,$0.01,$0.01,$0.01,0
DeSantis,10/26/2023 12:00:00 AM,$0.09,$0.09,$0.08,$0.08,61
Trump,10/26/2023 12:00:00 AM,$0.37,$0.38,$0.37,$0.37,662
Biden,10/26/2023 12:00:00 AM,$0.43,$0.43,$0.42,$0.42,122
Harris,10/26/2023 12:00:00 AM,$0.04,$0.04,$0.04,$0.04,925
Buttigieg,10/26/2023 12:00:00 AM,$0.01,$0.01,$0.01,$0.01,40
Newsom,10/26/2023 12:00:00 AM,$0.10,$0.11,$0.10,$0.10,708
Ramaswamy,10/26/2023 12:00:00 AM,$0.02,$0.03,$0.02,$0.02,1010
Scott,10/26/2023 12:00:00 AM,$0.01,$0.01,$0.01,$0.01,0
DeSantis,10/27/2023 12:00:00 AM,$0.08,$0.08,$0.07,$0.07,2260
Trump,10/27/2023 12:00:00 AM,$0.37,$0.38,$0.37,$0.38,3434
Biden,10/27/2023 12:00:00 AM,$0.42,$0.44,$0.42,$0.42,695
Harris,10/27/2023 12:00:00 AM,$0.04,$0.05,$0.04,$0.04,27
Buttigieg,10/27/2023 12:00:00 AM,$0.01,$0.01,$0.01,$0.01,1058
Newsom,10/27/2023 12:00:00 AM,$0.10,$0.11,$0.10,$0.10,115
Ramaswamy,10/27/2023 12:00:00 AM,$0.02,$0.03,$0.02,$0.02,769
Scott,10/27/2023 12:00:00 AM,$0.01,$0.01,$0.01,$0.01,0
DeSantis,10/28/2023 12:00:00 AM,$0.07,$0.08,$0.07,$0.08,725
Trump,10/28/2023 12:00:00 AM,$0.38,$0.38,$0.37,$0.37,634
Biden,10/28/2023 12:00:00 AM,$0.42,$0.44,$0.42,$0.44,1340
Harris,10/28/2023 12:00:00 AM,$0.04,$0.05,$0.04,$0.05,7
Buttigieg,10/28/2023 12:00:00 AM,$0.01,$0.01,$0.01,$0.01,0
Newsom,10/28/2023 12:00:00 AM,$0.10,$0.11,$0.10,$0.10,935
Ramaswamy,10/28/2023 12:00:00 AM,$0.02,$0.02,$0.02,$0.02,0
Scott,10/28/2023 12:00:00 AM,$0.01,$0.01,$0.01,$0.01,0
DeSantis,10/29/2023 12:00:00 AM,$0.08,$0.09,$0.07,$0.08,238
Trump,10/29/2023 12:00:00 AM,$0.37,$0.38,$0.36,$0.38,2441
Biden,10/29/2023 12:00:00 AM,$0.44,$0.44,$0.42,$0.42,433
Harris,10/29/2023 12:00:00 AM,$0.05,$0.05,$0.04,$0.04,208
Buttigieg,10/29/2023 12:00:00 AM,$0.01,$0.01,$0.01,$0.01,7101
Newsom,10/29/2023 12:00:00 AM,$0.10,$0.10,$0.10,$0.10,516
Ramaswamy,10/29/2023 12:00:00 AM,$0.02,$0.02,$0.02,$0.02,31
Scott,10/29/2023 12:00:00 AM,$0.01,$0.01,$0.01,$0.01,0
DeSantis,10/30/2023 12:00:00 AM,$0.08,$0.08,$0.08,$0.08,442
Trump,10/30/2023 12:00:00 AM,$0.38,$0.38,$0.36,$0.38,1575
Biden,10/30/2023 12:00:00 AM,$0.42,$0.44,$0.42,$0.44,724
Harris,10/30/2023 12:00:00 AM,$0.04,$0.04,$0.04,$0.04,31
Buttigieg,10/30/2023 12:00:00 AM,$0.01,$0.01,$0.01,$0.01,21
Newsom,10/30/2023 12:00:00 AM,$0.10,$0.11,$0.10,$0.11,520
Ramaswamy,10/30/2023 12:00:00 AM,$0.02,$0.03,$0.02,$0.03,5529
Scott,10/30/2023 12:00:00 AM,$0.01,$0.01,$0.01,$0.01,0
DeSantis,10/31/2023 12:00:00 AM,$0.08,$0.09,$0.07,$0.07,1010
Trump,10/31/2023 12:00:00 AM,$0.38,$0.38,$0.36,$0.37,2080
Biden,10/31/2023 12:00:00 AM,$0.44,$0.44,$0.42,$0.43,4106
Harris,10/31/2023 12:00:00 AM,$0.04,$0.05,$0.04,$0.04,38
Buttigieg,10/31/2023 12:00:00 AM,$0.01,$0.01,$0.01,$0.01,568
Newsom,10/31/2023 12:00:00 AM,$0.11,$0.13,$0.10,$0.12,5410
Ramaswamy,10/31/2023 12:00:00 AM,$0.03,$0.04,$0.02,$0.02,879
Scott,10/31/2023 12:00:00 AM,$0.01,$0.01,$0.01,$0.01,0
DeSantis,11/1/2023 12:00:00 AM,$0.07,$0.08,$0.07,$0.08,704
Trump,11/1/2023 12:00:00 AM,$0.37,$0.38,$0.36,$0.37,1467
Biden,11/1/2023 12:00:00 AM,$0.43,$0.43,$0.42,$0.43,1403
Harris,11/1/2023 12:00:00 AM,$0.04,$0.05,$0.04,$0.04,1010
Buttigieg,11/1/2023 12:00:00 AM,$0.01,$0.01,$0.01,$0.01,103
Newsom,11/1/2023 12:00:00 AM,$0.12,$0.13,$0.12,$0.12,4273
Ramaswamy,11/1/2023 12:00:00 AM,$0.02,$0.02,$0.02,$0.02,25
Scott,11/1/2023 12:00:00 AM,$0.01,$0.01,$0.01,$0.01,0
DeSantis,11/2/2023 12:00:00 AM,$0.08,$0.09,$0.07,$0.08,220
Trump,11/2/2023 12:00:00 AM,$0.37,$0.37,$0.36,$0.37,440
Biden,11/2/2023 12:00:00 AM,$0.43,$0.44,$0.42,$0.44,1551
Harris,11/2/2023 12:00:00 AM,$0.04,$0.05,$0.04,$0.04,610
Buttigieg,11/2/2023 12:00:00 AM,$0.01,$0.01,$0.01,$0.01,38
Newsom,11/2/2023 12:00:00 AM,$0.12,$0.13,$0.12,$0.12,1314
Ramaswamy,11/2/2023 12:00:00 AM,$0.02,$0.03,$0.02,$0.03,13
Scott,11/2/2023 12:00:00 AM,$0.01,$0.01,$0.01,$0.01,0
DeSantis,11/3/2023 12:00:00 AM,$0.08,$0.09,$0.06,$0.08,2613
Trump,11/3/2023 12:00:00 AM,$0.37,$0.37,$0.35,$0.36,3366
Biden,11/3/2023 12:00:00 AM,$0.44,$0.44,$0.43,$0.44,1501
Harris,11/3/2023 12:00:00 AM,$0.04,$0.05,$0.04,$0.04,1104
Buttigieg,11/3/2023 12:00:00 AM,$0.01,$0.01,$0.01,$0.01,911
Newsom,11/3/2023 12:00:00 AM,$0.12,$0.13,$0.12,$0.12,1400
Ramaswamy,11/3/2023 12:00:00 AM,$0.03,$0.03,$0.02,$0.02,19
Scott,11/3/2023 12:00:00 AM,$0.01,$0.01,$0.01,$0.01,0
DeSantis,11/4/2023 12:00:00 AM,$0.08,$0.09,$0.07,$0.07,650
Trump,11/4/2023 12:00:00 AM,$0.36,$0.37,$0.35,$0.36,2384
Biden,11/4/2023 12:00:00 AM,$0.44,$0.44,$0.43,$0.43,1296
Harris,11/4/2023 12:00:00 AM,$0.04,$0.05,$0.04,$0.04,92
Buttigieg,11/4/2023 12:00:00 AM,$0.01,$0.02,$0.01,$0.01,1749
Newsom,11/4/2023 12:00:00 AM,$0.12,$0.13,$0.12,$0.13,2
Ramaswamy,11/4/2023 12:00:00 AM,$0.02,$0.03,$0.02,$0.02,872
Scott,11/4/2023 12:00:00 AM,$0.01,$0.01,$0.01,$0.01,9
DeSantis,11/5/2023 12:00:00 AM,$0.07,$0.09,$0.07,$0.07,2641
Trump,11/5/2023 12:00:00 AM,$0.36,$0.38,$0.35,$0.38,8500
Biden,11/5/2023 12:00:00 AM,$0.43,$0.44,$0.42,$0.43,6833
Harris,11/5/2023 12:00:00 AM,$0.04,$0.04,$0.04,$0.04,110
Buttigieg,11/5/2023 12:00:00 AM,$0.01,$0.02,$0.01,$0.01,4579
Newsom,11/5/2023 12:00:00 AM,$0.13,$0.13,$0.12,$0.13,969
Ramaswamy,11/5/2023 12:00:00 AM,$0.02,$0.03,$0.02,$0.02,113
Scott,11/5/2023 12:00:00 AM,$0.01,$0.01,$0.01,$0.01,0
DeSantis,11/6/2023 12:00:00 AM,$0.07,$0.09,$0.07,$0.07,1035
Trump,11/6/2023 12:00:00 AM,$0.38,$0.38,$0.37,$0.38,3882
Biden,11/6/2023 12:00:00 AM,$0.43,$0.44,$0.41,$0.42,9063
Harris,11/6/2023 12:00:00 AM,$0.04,$0.05,$0.04,$0.04,141
Buttigieg,11/6/2023 12:00:00 AM,$0.01,$0.01,$0.01,$0.01,200
Newsom,11/6/2023 12:00:00 AM,$0.13,$0.14,$0.12,$0.13,2685
Ramaswamy,11/6/2023 12:00:00 AM,$0.02,$0.03,$0.02,$0.02,497
Scott,11/6/2023 12:00:00 AM,$0.01,$0.01,$0.01,$0.01,0
DeSantis,11/7/2023 12:00:00 AM,$0.07,$0.08,$0.04,$0.06,7479
Trump,11/7/2023 12:00:00 AM,$0.38,$0.38,$0.37,$0.38,3799
Biden,11/7/2023 12:00:00 AM,$0.42,$0.42,$0.40,$0.41,6757
Harris,11/7/2023 12:00:00 AM,$0.04,$0.05,$0.04,$0.05,411
Buttigieg,11/7/2023 12:00:00 AM,$0.01,$0.01,$0.01,$0.01,1166
Newsom,11/7/2023 12:00:00 AM,$0.13,$0.16,$0.13,$0.15,3482
Ramaswamy,11/7/2023 12:00:00 AM,$0.02,$0.03,$0.02,$0.03,114
Scott,11/7/2023 12:00:00 AM,$0.01,$0.01,$0.01,$0.01,106
DeSantis,11/8/2023 12:00:00 AM,$0.06,$0.06,$0.04,$0.05,3893
Trump,11/8/2023 12:00:00 AM,$0.38,$0.40,$0.37,$0.39,5399
Biden,11/8/2023 12:00:00 AM,$0.41,$0.43,$0.41,$0.43,9887
Harris,11/8/2023 12:00:00 AM,$0.05,$0.05,$0.04,$0.04,293
Buttigieg,11/8/2023 12:00:00 AM,$0.01,$0.01,$0.01,$0.01,77
Newsom,11/8/2023 12:00:00 AM,$0.15,$0.18,$0.14,$0.15,11178
Ramaswamy,11/8/2023 12:00:00 AM,$0.03,$0.03,$0.02,$0.02,445
Scott,11/8/2023 12:00:00 AM,$0.01,$0.01,$0.01,$0.01,0
DeSantis,11/9/2023 12:00:00 AM,$0.05,$0.05,$0.04,$0.04,4512
Trump,11/9/2023 12:00:00 AM,$0.39,$0.40,$0.39,$0.40,3200
Biden,11/9/2023 12:00:00 AM,$0.43,$0.43,$0.42,$0.42,826
Harris,11/9/2023 12:00:00 AM,$0.04,$0.04,$0.04,$0.04,11
Buttigieg,11/9/2023 12:00:00 AM,$0.01,$0.01,$0.01,$0.01,0
Newsom,11/9/2023 12:00:00 AM,$0.15,$0.16,$0.15,$0.16,1961
Ramaswamy,11/9/2023 12:00:00 AM,$0.02,$0.03,$0.02,$0.02,1016
Scott,11/9/2023 12:00:00 AM,$0.01,$0.01,$0.01,$0.01,200
DeSantis,11/10/2023 12:00:00 AM,$0.04,$0.05,$0.04,$0.04,1382
Trump,11/10/2023 12:00:00 AM,$0.40,$0.42,$0.39,$0.40,2787
Biden,11/10/2023 12:00:00 AM,$0.42,$0.43,$0.41,$0.42,2949
Harris,11/10/2023 12:00:00 AM,$0.04,$0.05,$0.04,$0.04,284
Buttigieg,11/10/2023 12:00:00 AM,$0.01,$0.01,$0.01,$0.01,6
Newsom,11/10/2023 12:00:00 AM,$0.16,$0.16,$0.15,$0.15,2807
Ramaswamy,11/10/2023 12:00:00 AM,$0.02,$0.03,$0.02,$0.02,598
Scott,11/10/2023 12:00:00 AM,$0.01,$0.01,$0.01,$0.01,0
DeSantis,11/11/2023 12:00:00 AM,$0.04,$0.05,$0.04,$0.04,37
Trump,11/11/2023 12:00:00 AM,$0.40,$0.42,$0.40,$0.40,885
Biden,11/11/2023 12:00:00 AM,$0.42,$0.42,$0.41,$0.41,972
Harris,11/11/2023 12:00:00 AM,$0.04,$0.05,$0.04,$0.04,745
Buttigieg,11/11/2023 12:00:00 AM,$0.01,$0.01,$0.01,$0.01,0
Newsom,11/11/2023 12:00:00 AM,$0.15,$0.15,$0.14,$0.14,798
Ramaswamy,11/11/2023 12:00:00 AM,$0.02,$0.03,$0.02,$0.03,8604
Scott,11/11/2023 12:00:00 AM,$0.01,$0.01,$0.01,$0.01,0
DeSantis,11/12/2023 12:00:00 AM,$0.04,$0.05,$0.04,$0.04,1491
Trump,11/12/2023 12:00:00 AM,$0.40,$0.41,$0.39,$0.40,3598
Biden,11/12/2023 12:00:00 AM,$0.41,$0.42,$0.40,$0.40,2123
Harris,11/12/2023 12:00:00 AM,$0.04,$0.04,$0.04,$0.04,527
Buttigieg,11/12/2023 12:00:00 AM,$0.01,$0.01,$0.01,$0.01,0
Newsom,11/12/2023 12:00:00 AM,$0.14,$0.15,$0.13,$0.13,2314
Ramaswamy,11/12/2023 12:00:00 AM,$0.03,$0.04,$0.03,$0.03,396
Scott,11/12/2023 12:00:00 AM,$0.01,$0.01,$0.01,$0.01,0
DeSantis,11/13/2023 12:00:00 AM,$0.04,$0.05,$0.04,$0.04,2392
Trump,11/13/2023 12:00:00 AM,$0.40,$0.41,$0.40,$0.40,1508
Biden,11/13/2023 12:00:00 AM,$0.40,$0.42,$0.40,$0.42,1829
Harris,11/13/2023 12:00:00 AM,$0.04,$0.05,$0.04,$0.04,255
Buttigieg,11/13/2023 12:00:00 AM,$0.01,$0.01,$0.01,$0.01,20
Newsom,11/13/2023 12:00:00 AM,$0.13,$0.15,$0.13,$0.13,89
Ramaswamy,11/13/2023 12:00:00 AM,$0.03,$0.04,$0.03,$0.04,706
Scott,11/13/2023 12:00:00 AM,$0.01,$0.01,$0.01,$0.01,0
DeSantis,11/14/2023 12:00:00 AM,$0.04,$0.05,$0.04,$0.04,946
Trump,11/14/2023 12:00:00 AM,$0.40,$0.41,$0.39,$0.40,3674
Biden,11/14/2023 12:00:00 AM,$0.42,$0.42,$0.41,$0.42,1272
Harris,11/14/2023 12:00:00 AM,$0.04,$0.05,$0.04,$0.05,150
Buttigieg,11/14/2023 12:00:00 AM,$0.01,$0.01,$0.01,$0.01,0
Newsom,11/14/2023 12:00:00 AM,$0.13,$0.14,$0.13,$0.14,282
Ramaswamy,11/14/2023 12:00:00 AM,$0.04,$0.04,$0.03,$0.03,6213
Scott,11/14/2023 12:00:00 AM,$0.01,$0.01,$0.01,$0.01,0
DeSantis,11/15/2023 12:00:00 AM,$0.04,$0.06,$0.04,$0.04,1783
Trump,11/15/2023 12:00:00 AM,$0.40,$0.41,$0.39,$0.40,1482
Biden,11/15/2023 12:00:00 AM,$0.42,$0.42,$0.39,$0.40,3528
Harris,11/15/2023 12:00:00 AM,$0.05,$0.05,$0.04,$0.04,845
Buttigieg,11/15/2023 12:00:00 AM,$0.01,$0.01,$0.01,$0.01,50
Newsom,11/15/2023 12:00:00 AM,$0.14,$0.15,$0.13,$0.14,3196
Ramaswamy,11/15/2023 12:00:00 AM,$0.03,$0.04,$0.03,$0.03,865
Scott,11/15/2023 12:00:00 AM,$0.01,$0.01,$0.01,$0.01,0
DeSantis,11/16/2023 12:00:00 AM,$0.04,$0.05,$0.04,$0.04,1074
Trump,11/16/2023 12:00:00 AM,$0.40,$0.41,$0.40,$0.40,1920
Biden,11/16/2023 12:00:00 AM,$0.40,$0.41,$0.38,$0.39,2307
Harris,11/16/2023 12:00:00 AM,$0.04,$0.04,$0.04,$0.04,589
Buttigieg,11/16/2023 12:00:00 AM,$0.01,$0.01,$0.01,$0.01,0
Newsom,11/16/2023 12:00:00 AM,$0.14,$0.15,$0.14,$0.14,2910
Ramaswamy,11/16/2023 12:00:00 AM,$0.03,$0.04,$0.03,$0.03,1805
Scott,11/16/2023 12:00:00 AM,$0.01,$0.01,$0.01,$0.01,0
RFK Jr.,11/16/2023 12:00:00 AM,$0.03,$0.07,$0.02,$0.05,10595
Haley,11/16/2023 12:00:00 AM,$0.06,$0.20,$0.05,$0.08,5186
DeSantis,11/17/2023 12:00:00 AM,$0.04,$0.05,$0.03,$0.03,8354
Trump,11/17/2023 12:00:00 AM,$0.40,$0.41,$0.38,$0.38,6035
Biden,11/17/2023 12:00:00 AM,$0.39,$0.40,$0.37,$0.39,10307
Harris,11/17/2023 12:00:00 AM,$0.04,$0.05,$0.03,$0.03,5535
Buttigieg,11/17/2023 12:00:00 AM,$0.01,$0.01,$0.01,$0.01,0
Newsom,11/17/2023 12:00:00 AM,$0.14,$0.15,$0.13,$0.14,6540
Ramaswamy,11/17/2023 12:00:00 AM,$0.03,$0.04,$0.03,$0.03,11393
Scott,11/17/2023 12:00:00 AM,$0.01,$0.01,$0.01,$0.01,0
RFK Jr.,11/17/2023 12:00:00 AM,$0.05,$0.06,$0.01,$0.02,49661
Haley,11/17/2023 12:00:00 AM,$0.08,$0.09,$0.06,$0.07,45957
DeSantis,11/18/2023 12:00:00 AM,$0.03,$0.05,$0.03,$0.04,3977
Trump,11/18/2023 12:00:00 AM,$0.38,$0.39,$0.38,$0.38,1988
Biden,11/18/2023 12:00:00 AM,$0.39,$0.40,$0.39,$0.39,2011
Harris,11/18/2023 12:00:00 AM,$0.03,$0.04,$0.03,$0.03,1798
Buttigieg,11/18/2023 12:00:00 AM,$0.01,$0.01,$0.01,$0.01,0
Newsom,11/18/2023 12:00:00 AM,$0.14,$0.15,$0.13,$0.13,3326
Ramaswamy,11/18/2023 12:00:00 AM,$0.03,$0.03,$0.02,$0.02,3653
Scott,11/18/2023 12:00:00 AM,$0.01,$0.01,$0.01,$0.01,0
RFK Jr.,11/18/2023 12:00:00 AM,$0.02,$0.03,$0.01,$0.02,10964
Haley,11/18/2023 12:00:00 AM,$0.07,$0.08,$0.07,$0.07,14198
DeSantis,11/19/2023 12:00:00 AM,$0.04,$0.05,$0.03,$0.03,2667
Trump,11/19/2023 12:00:00 AM,$0.38,$0.39,$0.38,$0.38,3213
Biden,11/19/2023 12:00:00 AM,$0.39,$0.40,$0.39,$0.39,2706
Harris,11/19/2023 12:00:00 AM,$0.03,$0.04,$0.03,$0.03,2518
Buttigieg,11/19/2023 12:00:00 AM,$0.01,$0.01,$0.01,$0.01,100
Newsom,11/19/2023 12:00:00 AM,$0.13,$0.15,$0.13,$0.14,2709
Ramaswamy,11/19/2023 12:00:00 AM,$0.02,$0.02,$0.02,$0.02,1979
Scott,11/19/2023 12:00:00 AM,$0.01,$0.01,$0.01,$0.01,0
RFK Jr.,11/19/2023 12:00:00 AM,$0.02,$0.03,$0.01,$0.02,12204
Haley,11/19/2023 12:00:00 AM,$0.07,$0.09,$0.07,$0.08,21405
DeSantis,11/20/2023 12:00:00 AM,$0.03,$0.04,$0.03,$0.03,1517
Trump,11/20/2023 12:00:00 AM,$0.38,$0.39,$0.38,$0.39,4107
Biden,11/20/2023 12:00:00 AM,$0.39,$0.39,$0.38,$0.38,2454
Harris,11/20/2023 12:00:00 AM,$0.03,$0.04,$0.03,$0.03,7170
Buttigieg,11/20/2023 12:00:00 AM,$0.01,$0.01,$0.01,$0.01,0
Newsom,11/20/2023 12:00:00 AM,$0.14,$0.15,$0.13,$0.14,4835
Ramaswamy,11/20/2023 12:00:00 AM,$0.02,$0.03,$0.02,$0.02,1147
Scott,11/20/2023 12:00:00 AM,$0.01,$0.01,$0.01,$0.01,0
RFK Jr.,11/20/2023 12:00:00 AM,$0.02,$0.03,$0.02,$0.02,13210
Haley,11/20/2023 12:00:00 AM,$0.08,$0.09,$0.07,$0.08,17034
DeSantis,11/21/2023 12:00:00 AM,$0.03,$0.05,$0.03,$0.04,3661
Trump,11/21/2023 12:00:00 AM,$0.39,$0.40,$0.38,$0.40,6021
Biden,11/21/2023 12:00:00 AM,$0.38,$0.39,$0.38,$0.38,4067
Harris,11/21/2023 12:00:00 AM,$0.03,$0.04,$0.03,$0.04,732
Buttigieg,11/21/2023 12:00:00 AM,$0.01,$0.01,$0.01,$0.01,0
Newsom,11/21/2023 12:00:00 AM,$0.14,$0.15,$0.14,$0.14,524
Ramaswamy,11/21/2023 12:00:00 AM,$0.02,$0.03,$0.02,$0.02,162
Scott,11/21/2023 12:00:00 AM,$0.01,$0.01,$0.01,$0.01,0
RFK Jr.,11/21/2023 12:00:00 AM,$0.02,$0.03,$0.02,$0.02,12128
Haley,11/21/2023 12:00:00 AM,$0.08,$0.08,$0.06,$0.07,12079
DeSantis,11/22/2023 12:00:00 AM,$0.04,$0.05,$0.04,$0.04,144
Trump,11/22/2023 12:00:00 AM,$0.40,$0.40,$0.39,$0.40,1174
Biden,11/22/2023 12:00:00 AM,$0.38,$0.40,$0.38,$0.38,3479
Harris,11/22/2023 12:00:00 AM,$0.04,$0.04,$0.03,$0.03,452
Buttigieg,11/22/2023 12:00:00 AM,$0.01,$0.01,$0.01,$0.01,0
Newsom,11/22/2023 12:00:00 AM,$0.14,$0.15,$0.13,$0.14,1919
Ramaswamy,11/22/2023 12:00:00 AM,$0.02,$0.03,$0.02,$0.03,4366
Scott,11/22/2023 12:00:00 AM,$0.01,$0.01,$0.01,$0.01,0
RFK Jr.,11/22/2023 12:00:00 AM,$0.02,$0.04,$0.02,$0.03,20078
Haley,11/22/2023 12:00:00 AM,$0.07,$0.09,$0.06,$0.09,8882
DeSantis,11/23/2023 12:00:00 AM,$0.04,$0.05,$0.04,$0.04,2319
Trump,11/23/2023 12:00:00 AM,$0.40,$0.40,$0.39,$0.39,2490
Biden,11/23/2023 12:00:00 AM,$0.38,$0.39,$0.37,$0.37,3447
Harris,11/23/2023 12:00:00 AM,$0.03,$0.04,$0.03,$0.03,1080
Buttigieg,11/23/2023 12:00:00 AM,$0.01,$0.01,$0.01,$0.01,0
Newsom,11/23/2023 12:00:00 AM,$0.14,$0.15,$0.13,$0.14,1779
Ramaswamy,11/23/2023 12:00:00 AM,$0.03,$0.03,$0.02,$0.02,8292
Scott,11/23/2023 12:00:00 AM,$0.01,$0.01,$0.01,$0.01,0
RFK Jr.,11/23/2023 12:00:00 AM,$0.03,$0.04,$0.02,$0.02,3988
Haley,11/23/2023 12:00:00 AM,$0.09,$0.09,$0.07,$0.07,4899
DeSantis,11/24/2023 12:00:00 AM,$0.04,$0.05,$0.04,$0.05,1266
Trump,11/24/2023 12:00:00 AM,$0.39,$0.40,$0.39,$0.40,1389
Biden,11/24/2023 12:00:00 AM,$0.37,$0.39,$0.37,$0.37,2068
Harris,11/24/2023 12:00:00 AM,$0.03,$0.04,$0.03,$0.04,1307
Buttigieg,11/24/2023 12:00:00 AM,$0.01,$0.01,$0.01,$0.01,6160
Newsom,11/24/2023 12:00:00 AM,$0.14,$0.15,$0.14,$0.15,262
Ramaswamy,11/24/2023 12:00:00 AM,$0.02,$0.02,$0.01,$0.02,40418
Scott,11/24/2023 12:00:00 AM,$0.01,$0.01,$0.01,$0.01,0
RFK Jr.,11/24/2023 12:00:00 AM,$0.02,$0.04,$0.02,$0.03,9941
Haley,11/24/2023 12:00:00 AM,$0.07,$0.09,$0.07,$0.09,13475
DeSantis,11/25/2023 12:00:00 AM,$0.05,$0.05,$0.04,$0.05,2766
Trump,11/25/2023 12:00:00 AM,$0.40,$0.40,$0.39,$0.40,2186
Biden,11/25/2023 12:00:00 AM,$0.37,$0.39,$0.36,$0.36,2834
Harris,11/25/2023 12:00:00 AM,$0.04,$0.04,$0.03,$0.03,1697
Buttigieg,11/25/2023 12:00:00 AM,$0.01,$0.01,$0.01,$0.01,0
Newsom,11/25/2023 12:00:00 AM,$0.15,$0.15,$0.13,$0.14,3414
Ramaswamy,11/25/2023 12:00:00 AM,$0.02,$0.02,$0.02,$0.02,3999
Scott,11/25/2023 12:00:00 AM,$0.01,$0.01,$0.01,$0.01,0
RFK Jr.,11/25/2023 12:00:00 AM,$0.03,$0.05,$0.03,$0.03,15417
Haley,11/25/2023 12:00:00 AM,$0.09,$0.10,$0.07,$0.07,11661
DeSantis,11/26/2023 12:00:00 AM,$0.05,$0.06,$0.04,$0.04,2188
Trump,11/26/2023 12:00:00 AM,$0.40,$0.40,$0.39,$0.40,2560
Biden,11/26/2023 12:00:00 AM,$0.36,$0.37,$0.36,$0.37,1185
Harris,11/26/2023 12:00:00 AM,$0.03,$0.04,$0.03,$0.04,3197
Buttigieg,11/26/2023 12:00:00 AM,$0.01,$0.01,$0.01,$0.01,89
Newsom,11/26/2023 12:00:00 AM,$0.14,$0.14,$0.13,$0.13,141
Ramaswamy,11/26/2023 12:00:00 AM,$0.02,$0.02,$0.02,$0.02,53
Scott,11/26/2023 12:00:00 AM,$0.01,$0.01,$0.01,$0.01,0
RFK Jr.,11/26/2023 12:00:00 AM,$0.03,$0.04,$0.03,$0.03,3344
Haley,11/26/2023 12:00:00 AM,$0.07,$0.08,$0.07,$0.08,4830
DeSantis,11/27/2023 12:00:00 AM,$0.04,$0.06,$0.04,$0.04,3052
Trump,11/27/2023 12:00:00 AM,$0.40,$0.40,$0.39,$0.40,2074
Biden,11/27/2023 12:00:00 AM,$0.37,$0.38,$0.36,$0.37,4547
Harris,11/27/2023 12:00:00 AM,$0.04,$0.04,$0.03,$0.04,2858
Buttigieg,11/27/2023 12:00:00 AM,$0.01,$0.01,$0.01,$0.01,858
Newsom,11/27/2023 12:00:00 AM,$0.13,$0.14,$0.13,$0.13,2625
Ramaswamy,11/27/2023 12:00:00 AM,$0.02,$0.03,$0.02,$0.02,1968
Scott,11/27/2023 12:00:00 AM,$0.01,$0.01,$0.01,$0.01,0
RFK Jr.,11/27/2023 12:00:00 AM,$0.03,$0.04,$0.03,$0.04,8285
Haley,11/27/2023 12:00:00 AM,$0.08,$0.09,$0.07,$0.09,9175
DeSantis,11/28/2023 12:00:00 AM,$0.04,$0.05,$0.04,$0.04,5659
Trump,11/28/2023 12:00:00 AM,$0.40,$0.41,$0.39,$0.40,6101
Biden,11/28/2023 12:00:00 AM,$0.37,$0.38,$0.35,$0.36,10242
Harris,11/28/2023 12:00:00 AM,$0.04,$0.05,$0.03,$0.03,2850
Buttigieg,11/28/2023 12:00:00 AM,$0.01,$0.01,$0.01,$0.01,1
Newsom,11/28/2023 12:00:00 AM,$0.13,$0.14,$0.13,$0.13,8610
Ramaswamy,11/28/2023 12:00:00 AM,$0.02,$0.02,$0.02,$0.02,2861
Scott,11/28/2023 12:00:00 AM,$0.01,$0.01,$0.01,$0.01,0
RFK Jr.,11/28/2023 12:00:00 AM,$0.04,$0.04,$0.03,$0.04,8605
Haley,11/28/2023 12:00:00 AM,$0.09,$0.10,$0.08,$0.10,17196
DeSantis,11/29/2023 12:00:00 AM,$0.04,$0.05,$0.04,$0.05,4140
Trump,11/29/2023 12:00:00 AM,$0.40,$0.41,$0.39,$0.39,4307
Biden,11/29/2023 12:00:00 AM,$0.36,$0.39,$0.35,$0.38,13671
Harris,11/29/2023 12:00:00 AM,$0.03,$0.05,$0.03,$0.04,7147
Buttigieg,11/29/2023 12:00:00 AM,$0.01,$0.01,$0.01,$0.01,651
Newsom,11/29/2023 12:00:00 AM,$0.13,$0.15,$0.12,$0.12,15167
Ramaswamy,11/29/2023 12:00:00 AM,$0.02,$0.03,$0.02,$0.02,4164
Scott,11/29/2023 12:00:00 AM,$0.01,$0.01,$0.01,$0.01,50
RFK Jr.,11/29/2023 12:00:00 AM,$0.04,$0.04,$0.03,$0.03,6693
Haley,11/29/2023 12:00:00 AM,$0.10,$0.11,$0.09,$0.10,13703
DeSantis,11/30/2023 12:00:00 AM,$0.05,$0.06,$0.04,$0.05,9174
Trump,11/30/2023 12:00:00 AM,$0.39,$0.40,$0.39,$0.40,3659
Biden,11/30/2023 12:00:00 AM,$0.38,$0.39,$0.37,$0.37,3837
Harris,11/30/2023 12:00:00 AM,$0.04,$0.05,$0.03,$0.05,4145
Buttigieg,11/30/2023 12:00:00 AM,$0.01,$0.01,$0.01,$0.01,0
Newsom,11/30/2023 12:00:00 AM,$0.12,$0.14,$0.11,$0.11,20717
Ramaswamy,11/30/2023 12:00:00 AM,$0.02,$0.03,$0.02,$0.02,5515
Scott,11/30/2023 12:00:00 AM,$0.01,$0.01,$0.01,$0.01,0
RFK Jr.,11/30/2023 12:00:00 AM,$0.03,$0.04,$0.03,$0.03,10577
Haley,11/30/2023 12:00:00 AM,$0.10,$0.11,$0.09,$0.11,11233
DeSantis,12/1/2023 12:00:00 AM,$0.05,$0.06,$0.05,$0.05,6612
Trump,12/1/2023 12:00:00 AM,$0.40,$0.40,$0.39,$0.40,2161
Biden,12/1/2023 12:00:00 AM,$0.37,$0.39,$0.37,$0.39,5969
Harris,12/1/2023 12:00:00 AM,$0.05,$0.05,$0.03,$0.04,592
Buttigieg,12/1/2023 12:00:00 AM,$0.01,$0.01,$0.01,$0.01,0
Newsom,12/1/2023 12:00:00 AM,$0.11,$0.12,$0.10,$0.10,2361
Ramaswamy,12/1/2023 12:00:00 AM,$0.02,$0.03,$0.02,$0.02,11095
Scott,12/1/2023 12:00:00 AM,$0.01,$0.01,$0.01,$0.01,0
RFK Jr.,12/1/2023 12:00:00 AM,$0.03,$0.04,$0.03,$0.03,5987
Haley,12/1/2023 12:00:00 AM,$0.11,$0.11,$0.09,$0.10,8150
DeSantis,12/2/2023 12:00:00 AM,$0.05,$0.06,$0.04,$0.04,8314
Trump,12/2/2023 12:00:00 AM,$0.40,$0.40,$0.39,$0.39,2223
Biden,12/2/2023 12:00:00 AM,$0.39,$0.40,$0.38,$0.40,6135
Harris,12/2/2023 12:00:00 AM,$0.04,$0.04,$0.03,$0.04,977
Buttigieg,12/2/2023 12:00:00 AM,$0.01,$0.01,$0.01,$0.01,0
Newsom,12/2/2023 12:00:00 AM,$0.10,$0.11,$0.09,$0.10,4006
Ramaswamy,12/2/2023 12:00:00 AM,$0.02,$0.02,$0.02,$0.02,867
Scott,12/2/2023 12:00:00 AM,$0.01,$0.01,$0.01,$0.01,0
RFK Jr.,12/2/2023 12:00:00 AM,$0.03,$0.04,$0.03,$0.04,3954
Haley,12/2/2023 12:00:00 AM,$0.10,$0.10,$0.09,$0.09,11553
DeSantis,12/3/2023 12:00:00 AM,$0.04,$0.05,$0.04,$0.05,2308
Trump,12/3/2023 12:00:00 AM,$0.39,$0.40,$0.38,$0.40,1180
Biden,12/3/2023 12:00:00 AM,$0.40,$0.40,$0.39,$0.39,1653
Harris,12/3/2023 12:00:00 AM,$0.04,$0.04,$0.04,$0.04,2177
Buttigieg,12/3/2023 12:00:00 AM,$0.01,$0.01,$0.01,$0.01,0
Newsom,12/3/2023 12:00:00 AM,$0.10,$0.10,$0.09,$0.10,1245
Ramaswamy,12/3/2023 12:00:00 AM,$0.02,$0.03,$0.02,$0.02,999
Scott,12/3/2023 12:00:00 AM,$0.01,$0.01,$0.01,$0.01,0
RFK Jr.,12/3/2023 12:00:00 AM,$0.04,$0.04,$0.03,$0.03,1760
Haley,12/3/2023 12:00:00 AM,$0.09,$0.10,$0.08,$0.09,8042
DeSantis,12/4/2023 12:00:00 AM,$0.05,$0.06,$0.04,$0.05,2370
Trump,12/4/2023 12:00:00 AM,$0.40,$0.40,$0.39,$0.39,3829
Biden,12/4/2023 12:00:00 AM,$0.39,$0.40,$0.39,$0.39,3589
Harris,12/4/2023 12:00:00 AM,$0.04,$0.05,$0.03,$0.03,255
Buttigieg,12/4/2023 12:00:00 AM,$0.01,$0.01,$0.01,$0.01,0
Newsom,12/4/2023 12:00:00 AM,$0.10,$0.10,$0.09,$0.09,2823
Ramaswamy,12/4/2023 12:00:00 AM,$0.02,$0.03,$0.02,$0.02,2469
Scott,12/4/2023 12:00:00 AM,$0.01,$0.01,$0.01,$0.01,0
RFK Jr.,12/4/2023 12:00:00 AM,$0.03,$0.04,$0.03,$0.03,11280
Haley,12/4/2023 12:00:00 AM,$0.09,$0.11,$0.08,$0.10,15708
DeSantis,12/5/2023 12:00:00 AM,$0.05,$0.05,$0.04,$0.04,948
Trump,12/5/2023 12:00:00 AM,$0.39,$0.40,$0.38,$0.39,3288
Biden,12/5/2023 12:00:00 AM,$0.39,$0.41,$0.39,$0.40,1024
Harris,12/5/2023 12:00:00 AM,$0.03,$0.05,$0.03,$0.03,462
Buttigieg,12/5/2023 12:00:00 AM,$0.01,$0.01,$0.01,$0.01,0
Newsom,12/5/2023 12:00:00 AM,$0.09,$0.11,$0.08,$0.10,5561
Ramaswamy,12/5/2023 12:00:00 AM,$0.02,$0.03,$0.02,$0.02,1901
Scott,12/5/2023 12:00:00 AM,$0.01,$0.01,$0.01,$0.01,0
RFK Jr.,12/5/2023 12:00:00 AM,$0.03,$0.04,$0.03,$0.03,3716
Haley,12/5/2023 12:00:00 AM,$0.10,$0.12,$0.09,$0.10,5211
DeSantis,12/6/2023 12:00:00 AM,$0.04,$0.06,$0.04,$0.04,23537
Trump,12/6/2023 12:00:00 AM,$0.39,$0.40,$0.39,$0.39,5420
Biden,12/6/2023 12:00:00 AM,$0.40,$0.40,$0.39,$0.39,6859
Harris,12/6/2023 12:00:00 AM,$0.03,$0.04,$0.03,$0.03,3194
Buttigieg,12/6/2023 12:00:00 AM,$0.01,$0.01,$0.01,$0.01,25
Newsom,12/6/2023 12:00:00 AM,$0.10,$0.11,$0.10,$0.10,5738
Ramaswamy,12/6/2023 12:00:00 AM,$0.02,$0.03,$0.02,$0.02,12317
Scott,12/6/2023 12:00:00 AM,$0.01,$0.01,$0.01,$0.01,25
RFK Jr.,12/6/2023 12:00:00 AM,$0.03,$0.04,$0.03,$0.04,3362
Haley,12/6/2023 12:00:00 AM,$0.10,$0.19,$0.09,$0.09,10993
DeSantis,12/7/2023 12:00:00 AM,$0.04,$0.06,$0.04,$0.06,3348
Trump,12/7/2023 12:00:00 AM,$0.39,$0.40,$0.38,$0.38,6416
Biden,12/7/2023 12:00:00 AM,$0.39,$0.40,$0.38,$0.39,7111
Harris,12/7/2023 12:00:00 AM,$0.03,$0.04,$0.03,$0.03,2268
Buttigieg,12/7/2023 12:00:00 AM,$0.01,$0.01,$0.01,$0.01,0
Newsom,12/7/2023 12:00:00 AM,$0.10,$0.11,$0.10,$0.10,2848
Ramaswamy,12/7/2023 12:00:00 AM,$0.02,$0.03,$0.02,$0.03,12659
Scott,12/7/2023 12:00:00 AM,$0.01,$0.01,$0.01,$0.01,0
RFK Jr.,12/7/2023 12:00:00 AM,$0.04,$0.06,$0.03,$0.04,23830
Haley,12/7/2023 12:00:00 AM,$0.09,$0.11,$0.09,$0.10,7393
DeSantis,12/8/2023 12:00:00 AM,$0.06,$0.06,$0.05,$0.05,4018
Trump,12/8/2023 12:00:00 AM,$0.38,$0.40,$0.38,$0.38,3243
Biden,12/8/2023 12:00:00 AM,$0.39,$0.40,$0.38,$0.38,1624
Harris,12/8/2023 12:00:00 AM,$0.03,$0.04,$0.03,$0.03,2915
Buttigieg,12/8/2023 12:00:00 AM,$0.01,$0.01,$0.01,$0.01,2
Newsom,12/8/2023 12:00:00 AM,$0.10,$0.11,$0.10,$0.10,1402
Ramaswamy,12/8/2023 12:00:00 AM,$0.03,$0.03,$0.02,$0.03,1598
Scott,12/8/2023 12:00:00 AM,$0.01,$0.01,$0.01,$0.01,0
RFK Jr.,12/8/2023 12:00:00 AM,$0.04,$0.05,$0.04,$0.04,6738
Haley,12/8/2023 12:00:00 AM,$0.10,$0.11,$0.09,$0.09,2546
DeSantis,12/9/2023 12:00:00 AM,$0.05,$0.06,$0.05,$0.05,2449
Trump,12/9/2023 12:00:00 AM,$0.38,$0.40,$0.38,$0.40,5733
Biden,12/9/2023 12:00:00 AM,$0.38,$0.39,$0.38,$0.39,5701
Harris,12/9/2023 12:00:00 AM,$0.03,$0.04,$0.03,$0.03,2017
Buttigieg,12/9/2023 12:00:00 AM,$0.01,$0.01,$0.01,$0.01,0
Newsom,12/9/2023 12:00:00 AM,$0.10,$0.11,$0.10,$0.11,5639
Ramaswamy,12/9/2023 12:00:00 AM,$0.03,$0.04,$0.03,$0.03,4354
Scott,12/9/2023 12:00:00 AM,$0.01,$0.01,$0.01,$0.01,0
RFK Jr.,12/9/2023 12:00:00 AM,$0.04,$0.05,$0.03,$0.03,6247
Haley,12/9/2023 12:00:00 AM,$0.09,$0.10,$0.09,$0.09,5495
DeSantis,12/10/2023 12:00:00 AM,$0.05,$0.06,$0.05,$0.06,827
Trump,12/10/2023 12:00:00 AM,$0.40,$0.40,$0.39,$0.40,5909
Biden,12/10/2023 12:00:00 AM,$0.39,$0.39,$0.38,$0.38,1043
Harris,12/10/2023 12:00:00 AM,$0.03,$0.04,$0.03,$0.04,1828
Buttigieg,12/10/2023 12:00:00 AM,$0.01,$0.01,$0.01,$0.01,17
Newsom,12/10/2023 12:00:00 AM,$0.11,$0.11,$0.10,$0.10,981
Ramaswamy,12/10/2023 12:00:00 AM,$0.03,$0.04,$0.02,$0.02,1064
Scott,12/10/2023 12:00:00 AM,$0.01,$0.01,$0.01,$0.01,0
RFK Jr.,12/10/2023 12:00:00 AM,$0.03,$0.04,$0.03,$0.03,1660
Haley,12/10/2023 12:00:00 AM,$0.09,$0.10,$0.09,$0.09,3453
DeSantis,12/11/2023 12:00:00 AM,$0.06,$0.06,$0.05,$0.05,1424
Trump,12/11/2023 12:00:00 AM,$0.40,$0.41,$0.39,$0.40,6829
Biden,12/11/2023 12:00:00 AM,$0.38,$0.40,$0.38,$0.39,3763
Harris,12/11/2023 12:00:00 AM,$0.04,$0.05,$0.03,$0.04,1456
Buttigieg,12/11/2023 12:00:00 AM,$0.01,$0.01,$0.01,$0.01,0
Newsom,12/11/2023 12:00:00 AM,$0.10,$0.11,$0.10,$0.10,1384
Ramaswamy,12/11/2023 12:00:00 AM,$0.02,$0.03,$0.02,$0.02,2296
Scott,12/11/2023 12:00:00 AM,$0.01,$0.01,$0.01,$0.01,0
RFK Jr.,12/11/2023 12:00:00 AM,$0.03,$0.04,$0.03,$0.03,4477
Haley,12/11/2023 12:00:00 AM,$0.09,$0.10,$0.09,$0.09,4015
DeSantis,12/12/2023 12:00:00 AM,$0.05,$0.06,$0.05,$0.05,5851
Trump,12/12/2023 12:00:00 AM,$0.40,$0.41,$0.40,$0.40,1988
Biden,12/12/2023 12:00:00 AM,$0.39,$0.39,$0.38,$0.38,2064
Harris,12/12/2023 12:00:00 AM,$0.04,$0.05,$0.03,$0.04,10525
Buttigieg,12/12/2023 12:00:00 AM,$0.01,$0.01,$0.01,$0.01,25
Newsom,12/12/2023 12:00:00 AM,$0.10,$0.11,$0.10,$0.10,5312
Ramaswamy,12/12/2023 12:00:00 AM,$0.02,$0.03,$0.02,$0.02,931
Scott,12/12/2023 12:00:00 AM,$0.01,$0.01,$0.01,$0.01,25
RFK Jr.,12/12/2023 12:00:00 AM,$0.03,$0.04,$0.03,$0.04,543
Haley,12/12/2023 12:00:00 AM,$0.09,$0.10,$0.09,$0.09,4753
DeSantis,12/13/2023 12:00:00 AM,$0.05,$0.05,$0.05,$0.05,671
Trump,12/13/2023 12:00:00 AM,$0.40,$0.41,$0.40,$0.40,1663
Biden,12/13/2023 12:00:00 AM,$0.38,$0.40,$0.38,$0.40,2726
Harris,12/13/2023 12:00:00 AM,$0.04,$0.05,$0.03,$0.04,255
Buttigieg,12/13/2023 12:00:00 AM,$0.01,$0.01,$0.01,$0.01,0
Newsom,12/13/2023 12:00:00 AM,$0.10,$0.11,$0.09,$0.09,1010
Ramaswamy,12/13/2023 12:00:00 AM,$0.02,$0.03,$0.02,$0.02,3987
Scott,12/13/2023 12:00:00 AM,$0.01,$0.01,$0.01,$0.01,0
RFK Jr.,12/13/2023 12:00:00 AM,$0.04,$0.04,$0.03,$0.04,1840
Haley,12/13/2023 12:00:00 AM,$0.09,$0.09,$0.08,$0.08,1964
DeSantis,12/14/2023 12:00:00 AM,$0.05,$0.05,$0.05,$0.05,0
Trump,12/14/2023 12:00:00 AM,$0.40,$0.42,$0.40,$0.42,4859
Biden,12/14/2023 12:00:00 AM,$0.40,$0.40,$0.38,$0.39,1349
Harris,12/14/2023 12:00:00 AM,$0.04,$0.04,$0.03,$0.03,78
Buttigieg,12/14/2023 12:00:00 AM,$0.01,$0.01,$0.01,$0.01,54
Newsom,12/14/2023 12:00:00 AM,$0.09,$0.10,$0.09,$0.10,1610
Ramaswamy,12/14/2023 12:00:00 AM,$0.02,$0.02,$0.02,$0.02,0
Scott,12/14/2023 12:00:00 AM,$0.01,$0.01,$0.01,$0.01,0
RFK Jr.,12/14/2023 12:00:00 AM,$0.04,$0.04,$0.03,$0.03,1627
Haley,12/14/2023 12:00:00 AM,$0.08,$0.09,$0.08,$0.08,1777
DeSantis,12/15/2023 12:00:00 AM,$0.05,$0.06,$0.05,$0.05,1021
Trump,12/15/2023 12:00:00 AM,$0.42,$0.42,$0.40,$0.42,3984
Biden,12/15/2023 12:00:00 AM,$0.39,$0.40,$0.39,$0.40,1549
Harris,12/15/2023 12:00:00 AM,$0.03,$0.04,$0.03,$0.03,374
Buttigieg,12/15/2023 12:00:00 AM,$0.01,$0.01,$0.01,$0.01,0
Newsom,12/15/2023 12:00:00 AM,$0.10,$0.10,$0.09,$0.09,1808
Ramaswamy,12/15/2023 12:00:00 AM,$0.02,$0.03,$0.02,$0.02,221
Scott,12/15/2023 12:00:00 AM,$0.01,$0.01,$0.01,$0.01,0
RFK Jr.,12/15/2023 12:00:00 AM,$0.03,$0.04,$0.03,$0.03,1874
Haley,12/15/2023 12:00:00 AM,$0.08,$0.09,$0.08,$0.08,1458
DeSantis,12/16/2023 12:00:00 AM,$0.05,$0.06,$0.05,$0.05,1388
Trump,12/16/2023 12:00:00 AM,$0.42,$0.42,$0.40,$0.41,3060
Biden,12/16/2023 12:00:00 AM,$0.40,$0.40,$0.39,$0.39,447
Harris,12/16/2023 12:00:00 AM,$0.03,$0.04,$0.03,$0.03,205
Buttigieg,12/16/2023 12:00:00 AM,$0.01,$0.01,$0.01,$0.01,0
Newsom,12/16/2023 12:00:00 AM,$0.09,$0.10,$0.09,$0.09,1168
Ramaswamy,12/16/2023 12:00:00 AM,$0.02,$0.02,$0.02,$0.02,1553
Scott,12/16/2023 12:00:00 AM,$0.01,$0.01,$0.01,$0.01,0
RFK Jr.,12/16/2023 12:00:00 AM,$0.03,$0.04,$0.03,$0.03,2592
Haley,12/16/2023 12:00:00 AM,$0.08,$0.12,$0.08,$0.09,12734
DeSantis,12/17/2023 12:00:00 AM,$0.05,$0.06,$0.05,$0.05,1590
Trump,12/17/2023 12:00:00 AM,$0.41,$0.42,$0.40,$0.41,5080
Biden,12/17/2023 12:00:00 AM,$0.39,$0.40,$0.38,$0.39,3643
Harris,12/17/2023 12:00:00 AM,$0.03,$0.03,$0.03,$0.03,1458
Buttigieg,12/17/2023 12:00:00 AM,$0.01,$0.01,$0.01,$0.01,0
Newsom,12/17/2023 12:00:00 AM,$0.09,$0.10,$0.09,$0.09,3137
Ramaswamy,12/17/2023 12:00:00 AM,$0.02,$0.03,$0.02,$0.02,4823
Scott,12/17/2023 12:00:00 AM,$0.01,$0.01,$0.01,$0.01,0
RFK Jr.,12/17/2023 12:00:00 AM,$0.03,$0.04,$0.03,$0.03,1567
Haley,12/17/2023 12:00:00 AM,$0.09,$0.11,$0.08,$0.11,7432
DeSantis,12/18/2023 12:00:00 AM,$0.05,$0.06,$0.05,$0.05,2805
Trump,12/18/2023 12:00:00 AM,$0.41,$0.42,$0.40,$0.41,5698
Biden,12/18/2023 12:00:00 AM,$0.39,$0.40,$0.38,$0.38,5431
Harris,12/18/2023 12:00:00 AM,$0.03,$0.04,$0.03,$0.03,3643
Buttigieg,12/18/2023 12:00:00 AM,$0.01,$0.01,$0.01,$0.01,0
Newsom,12/18/2023 12:00:00 AM,$0.09,$0.10,$0.09,$0.10,2944
Ramaswamy,12/18/2023 12:00:00 AM,$0.02,$0.03,$0.02,$0.02,3207
Scott,12/18/2023 12:00:00 AM,$0.01,$0.01,$0.01,$0.01,0
RFK Jr.,12/18/2023 12:00:00 AM,$0.03,$0.05,$0.03,$0.05,15660
Haley,12/18/2023 12:00:00 AM,$0.11,$0.12,$0.10,$0.10,6704
DeSantis,12/19/2023 12:00:00 AM,$0.05,$0.06,$0.05,$0.05,11482
Trump,12/19/2023 12:00:00 AM,$0.41,$0.42,$0.39,$0.41,14685
Biden,12/19/2023 12:00:00 AM,$0.38,$0.40,$0.38,$0.38,4601
Harris,12/19/2023 12:00:00 AM,$0.03,$0.03,$0.03,$0.03,3005
Buttigieg,12/19/2023 12:00:00 AM,$0.01,$0.01,$0.01,$0.01,0
Newsom,12/19/2023 12:00:00 AM,$0.10,$0.10,$0.08,$0.08,3461
Ramaswamy,12/19/2023 12:00:00 AM,$0.02,$0.05,$0.02,$0.05,23778
Scott,12/19/2023 12:00:00 AM,$0.01,$0.01,$0.01,$0.01,0
RFK Jr.,12/19/2023 12:00:00 AM,$0.05,$0.05,$0.04,$0.04,14406
Haley,12/19/2023 12:00:00 AM,$0.10,$0.13,$0.10,$0.10,11284
DeSantis,12/20/2023 12:00:00 AM,$0.05,$0.06,$0.04,$0.04,3169
Trump,12/20/2023 12:00:00 AM,$0.41,$0.41,$0.39,$0.40,7811
Biden,12/20/2023 12:00:00 AM,$0.38,$0.40,$0.38,$0.38,7523
Harris,12/20/2023 12:00:00 AM,$0.03,$0.03,$0.02,$0.03,25847
Buttigieg,12/20/2023 12:00:00 AM,$0.01,$0.01,$0.01,$0.01,0
Newsom,12/20/2023 12:00:00 AM,$0.08,$0.09,$0.07,$0.07,1990
Ramaswamy,12/20/2023 12:00:00 AM,$0.05,$0.05,$0.03,$0.03,2853
Scott,12/20/2023 12:00:00 AM,$0.01,$0.01,$0.01,$0.01,0
RFK Jr.,12/20/2023 12:00:00 AM,$0.04,$0.05,$0.04,$0.04,6058
Haley,12/20/2023 12:00:00 AM,$0.10,$0.12,$0.10,$0.12,5518
DeSantis,12/21/2023 12:00:00 AM,$0.04,$0.05,$0.04,$0.05,2437
Trump,12/21/2023 12:00:00 AM,$0.40,$0.41,$0.40,$0.40,7542
Biden,12/21/2023 12:00:00 AM,$0.38,$0.40,$0.38,$0.38,4825
Harris,12/21/2023 12:00:00 AM,$0.03,$0.03,$0.02,$0.02,2312
Buttigieg,12/21/2023 12:00:00 AM,$0.01,$0.01,$0.01,$0.01,1
Newsom,12/21/2023 12:00:00 AM,$0.07,$0.09,$0.07,$0.08,5980
Ramaswamy,12/21/2023 12:00:00 AM,$0.03,$0.03,$0.03,$0.03,2933
Scott,12/21/2023 12:00:00 AM,$0.01,$0.01,$0.01,$0.01,0
RFK Jr.,12/21/2023 12:00:00 AM,$0.04,$0.05,$0.04,$0.05,5855
Haley,12/21/2023 12:00:00 AM,$0.12,$0.14,$0.12,$0.12,8477
DeSantis,12/22/2023 12:00:00 AM,$0.05,$0.06,$0.04,$0.06,3599
Trump,12/22/2023 12:00:00 AM,$0.40,$0.41,$0.38,$0.39,7774
Biden,12/22/2023 12:00:00 AM,$0.38,$0.39,$0.38,$0.38,3879
Harris,12/22/2023 12:00:00 AM,$0.02,$0.04,$0.02,$0.03,13060
Buttigieg,12/22/2023 12:00:00 AM,$0.01,$0.01,$0.01,$0.01,0
Newsom,12/22/2023 12:00:00 AM,$0.08,$0.09,$0.08,$0.08,1379
Ramaswamy,12/22/2023 12:00:00 AM,$0.03,$0.04,$0.03,$0.03,1432
Scott,12/22/2023 12:00:00 AM,$0.01,$0.01,$0.01,$0.01,0
RFK Jr.,12/22/2023 12:00:00 AM,$0.05,$0.06,$0.04,$0.05,12743
Haley,12/22/2023 12:00:00 AM,$0.12,$0.14,$0.12,$0.13,4634
DeSantis,12/23/2023 12:00:00 AM,$0.06,$0.06,$0.04,$0.04,2836
Trump,12/23/2023 12:00:00 AM,$0.39,$0.39,$0.38,$0.38,2308
Biden,12/23/2023 12:00:00 AM,$0.38,$0.39,$0.38,$0.38,1568
Harris,12/23/2023 12:00:00 AM,$0.03,$0.04,$0.03,$0.03,1894
Buttigieg,12/23/2023 12:00:00 AM,$0.01,$0.01,$0.01,$0.01,0
Newsom,12/23/2023 12:00:00 AM,$0.08,$0.10,$0.07,$0.09,10599
Ramaswamy,12/23/2023 12:00:00 AM,$0.03,$0.04,$0.03,$0.03,7136
Scott,12/23/2023 12:00:00 AM,$0.01,$0.01,$0.01,$0.01,0
RFK Jr.,12/23/2023 12:00:00 AM,$0.05,$0.06,$0.04,$0.04,7828
Haley,12/23/2023 12:00:00 AM,$0.13,$0.14,$0.12,$0.12,3588
DeSantis,12/24/2023 12:00:00 AM,$0.04,$0.05,$0.04,$0.05,2138
Trump,12/24/2023 12:00:00 AM,$0.38,$0.40,$0.38,$0.40,2836
Biden,12/24/2023 12:00:00 AM,$0.38,$0.39,$0.37,$0.38,4678
Harris,12/24/2023 12:00:00 AM,$0.03,$0.04,$0.03,$0.03,1705
Buttigieg,12/24/2023 12:00:00 AM,$0.01,$0.01,$0.01,$0.01,0
Newsom,12/24/2023 12:00:00 AM,$0.09,$0.09,$0.08,$0.08,1998
Ramaswamy,12/24/2023 12:00:00 AM,$0.03,$0.04,$0.03,$0.03,1690
Scott,12/24/2023 12:00:00 AM,$0.01,$0.01,$0.01,$0.01,0
RFK Jr.,12/24/2023 12:00:00 AM,$0.04,$0.06,$0.04,$0.04,4931
Haley,12/24/2023 12:00:00 AM,$0.12,$0.14,$0.12,$0.13,3544
DeSantis,12/25/2023 12:00:00 AM,$0.05,$0.05,$0.04,$0.04,1851
Trump,12/25/2023 12:00:00 AM,$0.40,$0.40,$0.38,$0.40,5484
Biden,12/25/2023 12:00:00 AM,$0.38,$0.39,$0.37,$0.37,5361
Harris,12/25/2023 12:00:00 AM,$0.03,$0.04,$0.03,$0.03,1963
Buttigieg,12/25/2023 12:00:00 AM,$0.01,$0.01,$0.01,$0.01,0
Newsom,12/25/2023 12:00:00 AM,$0.08,$0.09,$0.07,$0.07,4646
Ramaswamy,12/25/2023 12:00:00 AM,$0.03,$0.03,$0.03,$0.03,1651
Scott,12/25/2023 12:00:00 AM,$0.01,$0.01,$0.01,$0.01,0
RFK Jr.,12/25/2023 12:00:00 AM,$0.04,$0.05,$0.04,$0.04,2549
Haley,12/25/2023 12:00:00 AM,$0.13,$0.14,$0.12,$0.12,3986
DeSantis,12/26/2023 12:00:00 AM,$0.04,$0.04,$0.03,$0.03,5230
Trump,12/26/2023 12:00:00 AM,$0.40,$0.40,$0.39,$0.40,3319
Biden,12/26/2023 12:00:00 AM,$0.37,$0.39,$0.37,$0.38,1428
Harris,12/26/2023 12:00:00 AM,$0.03,$0.04,$0.03,$0.03,337
Buttigieg,12/26/2023 12:00:00 AM,$0.01,$0.01,$0.01,$0.01,0
Newsom,12/26/2023 12:00:00 AM,$0.07,$0.08,$0.07,$0.08,755
Ramaswamy,12/26/2023 12:00:00 AM,$0.03,$0.04,$0.03,$0.04,2182
Scott,12/26/2023 12:00:00 AM,$0.01,$0.01,$0.01,$0.01,0
RFK Jr.,12/26/2023 12:00:00 AM,$0.04,$0.05,$0.04,$0.05,5500
Haley,12/26/2023 12:00:00 AM,$0.12,$0.13,$0.11,$0.12,2571
DeSantis,12/27/2023 12:00:00 AM,$0.03,$0.04,$0.03,$0.04,3709
Trump,12/27/2023 12:00:00 AM,$0.40,$0.40,$0.39,$0.40,647
Biden,12/27/2023 12:00:00 AM,$0.38,$0.39,$0.38,$0.38,4478
Harris,12/27/2023 12:00:00 AM,$0.03,$0.04,$0.03,$0.03,590
Buttigieg,12/27/2023 12:00:00 AM,$0.01,$0.01,$0.01,$0.01,0
Newsom,12/27/2023 12:00:00 AM,$0.08,$0.09,$0.08,$0.08,1508
Ramaswamy,12/27/2023 12:00:00 AM,$0.04,$0.04,$0.03,$0.03,1288
Scott,12/27/2023 12:00:00 AM,$0.01,$0.01,$0.01,$0.01,998
RFK Jr.,12/27/2023 12:00:00 AM,$0.05,$0.06,$0.04,$0.05,3183
Haley,12/27/2023 12:00:00 AM,$0.12,$0.13,$0.11,$0.12,2443
DeSantis,12/28/2023 12:00:00 AM,$0.04,$0.04,$0.03,$0.04,2822
Trump,12/28/2023 12:00:00 AM,$0.40,$0.40,$0.39,$0.40,1653
Biden,12/28/2023 12:00:00 AM,$0.38,$0.39,$0.38,$0.38,802
Harris,12/28/2023 12:00:00 AM,$0.03,$0.04,$0.03,$0.03,1437
Buttigieg,12/28/2023 12:00:00 AM,$0.01,$0.01,$0.01,$0.01,0
Newsom,12/28/2023 12:00:00 AM,$0.08,$0.09,$0.08,$0.08,1936
Ramaswamy,12/28/2023 12:00:00 AM,$0.03,$0.04,$0.03,$0.03,2369
Scott,12/28/2023 12:00:00 AM,$0.01,$0.01,$0.01,$0.01,0
RFK Jr.,12/28/2023 12:00:00 AM,$0.05,$0.06,$0.05,$0.05,4524
Haley,12/28/2023 12:00:00 AM,$0.12,$0.13,$0.11,$0.11,3162
DeSantis,12/29/2023 12:00:00 AM,$0.04,$0.04,$0.03,$0.04,344
Trump,12/29/2023 12:00:00 AM,$0.40,$0.40,$0.39,$0.40,806
Biden,12/29/2023 12:00:00 AM,$0.38,$0.39,$0.38,$0.38,1649
Harris,12/29/2023 12:00:00 AM,$0.03,$0.04,$0.03,$0.03,103
Buttigieg,12/29/2023 12:00:00 AM,$0.01,$0.01,$0.01,$0.01,0
Newsom,12/29/2023 12:00:00 AM,$0.08,$0.09,$0.08,$0.08,1336
Ramaswamy,12/29/2023 12:00:00 AM,$0.03,$0.04,$0.03,$0.03,180
Scott,12/29/2023 12:00:00 AM,$0.01,$0.01,$0.01,$0.01,0
RFK Jr.,12/29/2023 12:00:00 AM,$0.05,$0.06,$0.05,$0.05,2531
Haley,12/29/2023 12:00:00 AM,$0.11,$0.13,$0.10,$0.11,6781
DeSantis,12/30/2023 12:00:00 AM,$0.04,$0.04,$0.03,$0.03,255
Trump,12/30/2023 12:00:00 AM,$0.40,$0.40,$0.39,$0.40,2026
Biden,12/30/2023 12:00:00 AM,$0.38,$0.39,$0.38,$0.38,1510
Harris,12/30/2023 12:00:00 AM,$0.03,$0.03,$0.03,$0.03,250
Buttigieg,12/30/2023 12:00:00 AM,$0.01,$0.01,$0.01,$0.01,167
Newsom,12/30/2023 12:00:00 AM,$0.08,$0.09,$0.08,$0.08,1385
Ramaswamy,12/30/2023 12:00:00 AM,$0.03,$0.04,$0.03,$0.03,11239
Scott,12/30/2023 12:00:00 AM,$0.01,$0.01,$0.01,$0.01,0
RFK Jr.,12/30/2023 12:00:00 AM,$0.05,$0.06,$0.05,$0.05,1161
Haley,12/30/2023 12:00:00 AM,$0.11,$0.12,$0.10,$0.12,1651
DeSantis,12/31/2023 12:00:00 AM,$0.03,$0.04,$0.03,$0.03,66
Trump,12/31/2023 12:00:00 AM,$0.40,$0.40,$0.39,$0.40,1525
Biden,12/31/2023 12:00:00 AM,$0.38,$0.39,$0.38,$0.38,479
Harris,12/31/2023 12:00:00 AM,$0.03,$0.03,$0.03,$0.03,44
Buttigieg,12/31/2023 12:00:00 AM,$0.01,$0.01,$0.01,$0.01,0
Newsom,12/31/2023 12:00:00 AM,$0.08,$0.09,$0.08,$0.08,228
Ramaswamy,12/31/2023 12:00:00 AM,$0.03,$0.04,$0.03,$0.04,2267
Scott,12/31/2023 12:00:00 AM,$0.01,$0.01,$0.01,$0.01,0
RFK Jr.,12/31/2023 12:00:00 AM,$0.05,$0.06,$0.05,$0.05,739
Haley,12/31/2023 12:00:00 AM,$0.12,$0.12,$0.10,$0.10,130
DeSantis,1/1/2024 12:00:00 AM,$0.03,$0.04,$0.03,$0.03,138
Trump,1/1/2024 12:00:00 AM,$0.40,$0.41,$0.39,$0.40,2032
Biden,1/1/2024 12:00:00 AM,$0.38,$0.40,$0.38,$0.38,3466
Harris,1/1/2024 12:00:00 AM,$0.03,$0.04,$0.03,$0.04,84
Buttigieg,1/1/2024 12:00:00 AM,$0.01,$0.01,$0.01,$0.01,0
Newsom,1/1/2024 12:00:00 AM,$0.08,$0.08,$0.08,$0.08,86
Ramaswamy,1/1/2024 12:00:00 AM,$0.04,$0.04,$0.03,$0.04,705
Scott,1/1/2024 12:00:00 AM,$0.01,$0.01,$0.01,$0.01,0
RFK Jr.,1/1/2024 12:00:00 AM,$0.05,$0.06,$0.05,$0.05,9554
Haley,1/1/2024 12:00:00 AM,$0.10,$0.12,$0.10,$0.11,2383
DeSantis,1/2/2024 12:00:00 AM,$0.03,$0.04,$0.03,$0.03,2339
Trump,1/2/2024 12:00:00 AM,$0.40,$0.41,$0.39,$0.41,1824
Biden,1/2/2024 12:00:00 AM,$0.38,$0.40,$0.38,$0.38,4547
Harris,1/2/2024 12:00:00 AM,$0.04,$0.04,$0.03,$0.04,5378
Buttigieg,1/2/2024 12:00:00 AM,$0.01,$0.01,$0.01,$0.01,100
Newsom,1/2/2024 12:00:00 AM,$0.08,$0.09,$0.07,$0.09,9835
Ramaswamy,1/2/2024 12:00:00 AM,$0.04,$0.05,$0.03,$0.04,10437
Scott,1/2/2024 12:00:00 AM,$0.01,$0.01,$0.01,$0.01,0
RFK Jr.,1/2/2024 12:00:00 AM,$0.05,$0.06,$0.05,$0.05,1883
Haley,1/2/2024 12:00:00 AM,$0.11,$0.11,$0.09,$0.10,6381
DeSantis,1/3/2024 12:00:00 AM,$0.03,$0.04,$0.03,$0.04,8037
Trump,1/3/2024 12:00:00 AM,$0.41,$0.42,$0.40,$0.41,10422
Biden,1/3/2024 12:00:00 AM,$0.38,$0.40,$0.38,$0.39,10480
Harris,1/3/2024 12:00:00 AM,$0.04,$0.04,$0.03,$0.03,3343
Buttigieg,1/3/2024 12:00:00 AM,$0.01,$0.01,$0.01,$0.01,0
Newsom,1/3/2024 12:00:00 AM,$0.09,$0.09,$0.07,$0.07,1869
Ramaswamy,1/3/2024 12:00:00 AM,$0.04,$0.05,$0.03,$0.04,3064
Scott,1/3/2024 12:00:00 AM,$0.01,$0.01,$0.01,$0.01,1
RFK Jr.,1/3/2024 12:00:00 AM,$0.05,$0.09,$0.05,$0.06,29553
Haley,1/3/2024 12:00:00 AM,$0.10,$0.11,$0.09,$0.10,2373
DeSantis,1/4/2024 12:00:00 AM,$0.04,$0.04,$0.03,$0.03,651
Trump,1/4/2024 12:00:00 AM,$0.41,$0.41,$0.40,$0.41,2234
Biden,1/4/2024 12:00:00 AM,$0.39,$0.40,$0.39,$0.39,2017
Harris,1/4/2024 12:00:00 AM,$0.03,$0.04,$0.03,$0.03,1166
Buttigieg,1/4/2024 12:00:00 AM,$0.01,$0.01,$0.01,$0.01,0
Newsom,1/4/2024 12:00:00 AM,$0.07,$0.08,$0.07,$0.07,3932
Ramaswamy,1/4/2024 12:00:00 AM,$0.04,$0.05,$0.03,$0.04,3850
Scott,1/4/2024 12:00:00 AM,$0.01,$0.01,$0.01,$0.01,0
RFK Jr.,1/4/2024 12:00:00 AM,$0.06,$0.06,$0.05,$0.05,1202
Haley,1/4/2024 12:00:00 AM,$0.10,$0.11,$0.09,$0.09,3813
DeSantis,1/5/2024 12:00:00 AM,$0.03,$0.04,$0.03,$0.03,4518
Trump,1/5/2024 12:00:00 AM,$0.41,$0.41,$0.40,$0.40,2718
Biden,1/5/2024 12:00:00 AM,$0.39,$0.40,$0.39,$0.40,7724
Harris,1/5/2024 12:00:00 AM,$0.03,$0.04,$0.03,$0.03,626
Buttigieg,1/5/2024 12:00:00 AM,$0.01,$0.01,$0.01,$0.01,10
Newsom,1/5/2024 12:00:00 AM,$0.07,$0.08,$0.07,$0.07,1514
Ramaswamy,1/5/2024 12:00:00 AM,$0.04,$0.05,$0.04,$0.04,424
Scott,1/5/2024 12:00:00 AM,$0.01,$0.01,$0.01,$0.01,0
RFK Jr.,1/5/2024 12:00:00 AM,$0.05,$0.05,$0.05,$0.05,933
Haley,1/5/2024 12:00:00 AM,$0.09,$0.11,$0.09,$0.10,818
DeSantis,1/6/2024 12:00:00 AM,$0.03,$0.04,$0.03,$0.03,16059
Trump,1/6/2024 12:00:00 AM,$0.40,$0.41,$0.40,$0.41,1372
Biden,1/6/2024 12:00:00 AM,$0.40,$0.40,$0.39,$0.39,4154
Harris,1/6/2024 12:00:00 AM,$0.03,$0.03,$0.03,$0.03,131
Buttigieg,1/6/2024 12:00:00 AM,$0.01,$0.01,$0.01,$0.01,0
Newsom,1/6/2024 12:00:00 AM,$0.07,$0.07,$0.06,$0.06,2727
Ramaswamy,1/6/2024 12:00:00 AM,$0.04,$0.05,$0.04,$0.05,591
Scott,1/6/2024 12:00:00 AM,$0.01,$0.01,$0.01,$0.01,0
RFK Jr.,1/6/2024 12:00:00 AM,$0.05,$0.06,$0.05,$0.05,1116
Haley,1/6/2024 12:00:00 AM,$0.10,$0.10,$0.09,$0.10,1373
DeSantis,1/7/2024 12:00:00 AM,$0.03,$0.05,$0.03,$0.04,3632
Trump,1/7/2024 12:00:00 AM,$0.41,$0.41,$0.40,$0.41,3588
Biden,1/7/2024 12:00:00 AM,$0.39,$0.41,$0.39,$0.39,2339
Harris,1/7/2024 12:00:00 AM,$0.03,$0.04,$0.03,$0.03,274
Buttigieg,1/7/2024 12:00:00 AM,$0.01,$0.01,$0.01,$0.01,0
Newsom,1/7/2024 12:00:00 AM,$0.06,$0.07,$0.06,$0.07,6927
Ramaswamy,1/7/2024 12:00:00 AM,$0.05,$0.05,$0.04,$0.05,691
Scott,1/7/2024 12:00:00 AM,$0.01,$0.01,$0.01,$0.01,0
RFK Jr.,1/7/2024 12:00:00 AM,$0.05,$0.06,$0.05,$0.06,1328
Haley,1/7/2024 12:00:00 AM,$0.10,$0.11,$0.10,$0.10,1370
DeSantis,1/8/2024 12:00:00 AM,$0.04,$0.05,$0.04,$0.04,5061
Trump,1/8/2024 12:00:00 AM,$0.41,$0.42,$0.40,$0.41,8050
Biden,1/8/2024 12:00:00 AM,$0.39,$0.40,$0.39,$0.40,8642
Harris,1/8/2024 12:00:00 AM,$0.03,$0.04,$0.03,$0.03,2918
Buttigieg,1/8/2024 12:00:00 AM,$0.01,$0.01,$0.01,$0.01,0
Newsom,1/8/2024 12:00:00 AM,$0.07,$0.07,$0.06,$0.06,3452
Ramaswamy,1/8/2024 12:00:00 AM,$0.05,$0.06,$0.04,$0.06,11547
Scott,1/8/2024 12:00:00 AM,$0.01,$0.01,$0.01,$0.01,0
RFK Jr.,1/8/2024 12:00:00 AM,$0.06,$0.06,$0.05,$0.05,5116
Haley,1/8/2024 12:00:00 AM,$0.10,$0.11,$0.09,$0.10,6261
DeSantis,1/9/2024 12:00:00 AM,$0.04,$0.05,$0.04,$0.04,12740
Trump,1/9/2024 12:00:00 AM,$0.41,$0.42,$0.40,$0.41,13083
Biden,1/9/2024 12:00:00 AM,$0.40,$0.40,$0.38,$0.38,8282
Harris,1/9/2024 12:00:00 AM,$0.03,$0.04,$0.03,$0.03,5317
Buttigieg,1/9/2024 12:00:00 AM,$0.01,$0.01,$0.01,$0.01,0
Newsom,1/9/2024 12:00:00 AM,$0.06,$0.07,$0.06,$0.07,13615
Ramaswamy,1/9/2024 12:00:00 AM,$0.06,$0.06,$0.04,$0.05,10775
Scott,1/9/2024 12:00:00 AM,$0.01,$0.01,$0.01,$0.01,0
RFK Jr.,1/9/2024 12:00:00 AM,$0.05,$0.06,$0.05,$0.05,22479
Haley,1/9/2024 12:00:00 AM,$0.10,$0.11,$0.09,$0.11,13794
DeSantis,1/10/2024 12:00:00 AM,$0.04,$0.05,$0.04,$0.04,5092
Trump,1/10/2024 12:00:00 AM,$0.41,$0.41,$0.39,$0.40,8388
Biden,1/10/2024 12:00:00 AM,$0.38,$0.39,$0.37,$0.37,9387
Harris,1/10/2024 12:00:00 AM,$0.03,$0.04,$0.03,$0.03,4306
Buttigieg,1/10/2024 12:00:00 AM,$0.01,$0.01,$0.01,$0.01,10
Newsom,1/10/2024 12:00:00 AM,$0.07,$0.07,$0.06,$0.06,5535
Ramaswamy,1/10/2024 12:00:00 AM,$0.05,$0.07,$0.04,$0.04,16487
Scott,1/10/2024 12:00:00 AM,$0.01,$0.01,$0.01,$0.01,0
RFK Jr.,1/10/2024 12:00:00 AM,$0.05,$0.07,$0.05,$0.06,6709
Haley,1/10/2024 12:00:00 AM,$0.11,$0.15,$0.10,$0.13,16302
DeSantis,1/11/2024 12:00:00 AM,$0.04,$0.05,$0.04,$0.04,3376
Trump,1/11/2024 12:00:00 AM,$0.40,$0.41,$0.39,$0.41,3922
Biden,1/11/2024 12:00:00 AM,$0.37,$0.39,$0.37,$0.37,7405
Harris,1/11/2024 12:00:00 AM,$0.03,$0.04,$0.02,$0.02,9709
Buttigieg,1/11/2024 12:00:00 AM,$0.01,$0.01,$0.01,$0.01,0
Newsom,1/11/2024 12:00:00 AM,$0.06,$0.07,$0.06,$0.06,2700
Ramaswamy,1/11/2024 12:00:00 AM,$0.04,$0.08,$0.04,$0.05,26917
Scott,1/11/2024 12:00:00 AM,$0.01,$0.01,$0.01,$0.01,0
RFK Jr.,1/11/2024 12:00:00 AM,$0.06,$0.07,$0.05,$0.06,13801
Haley,1/11/2024 12:00:00 AM,$0.13,$0.16,$0.10,$0.13,9366
DeSantis,1/12/2024 12:00:00 AM,$0.04,$0.05,$0.04,$0.04,6018
Trump,1/12/2024 12:00:00 AM,$0.41,$0.41,$0.39,$0.40,5701
Biden,1/12/2024 12:00:00 AM,$0.37,$0.39,$0.37,$0.38,5559
Harris,1/12/2024 12:00:00 AM,$0.02,$0.04,$0.02,$0.03,2397
Buttigieg,1/12/2024 12:00:00 AM,$0.01,$0.01,$0.01,$0.01,0
Newsom,1/12/2024 12:00:00 AM,$0.06,$0.07,$0.05,$0.05,10859
Ramaswamy,1/12/2024 12:00:00 AM,$0.05,$0.09,$0.05,$0.05,22299
Scott,1/12/2024 12:00:00 AM,$0.01,$0.01,$0.01,$0.01,0
RFK Jr.,1/12/2024 12:00:00 AM,$0.06,$0.07,$0.05,$0.06,5629
Haley,1/12/2024 12:00:00 AM,$0.13,$0.14,$0.11,$0.11,4753
DeSantis,1/13/2024 12:00:00 AM,$0.04,$0.05,$0.04,$0.04,2571
Trump,1/13/2024 12:00:00 AM,$0.40,$0.41,$0.39,$0.41,2790
Biden,1/13/2024 12:00:00 AM,$0.38,$0.39,$0.37,$0.37,7300
Harris,1/13/2024 12:00:00 AM,$0.03,$0.04,$0.02,$0.03,1648
Buttigieg,1/13/2024 12:00:00 AM,$0.01,$0.01,$0.01,$0.01,0
Newsom,1/13/2024 12:00:00 AM,$0.05,$0.05,$0.04,$0.04,2478
Ramaswamy,1/13/2024 12:00:00 AM,$0.05,$0.07,$0.05,$0.05,2860
Scott,1/13/2024 12:00:00 AM,$0.01,$0.01,$0.01,$0.01,0
RFK Jr.,1/13/2024 12:00:00 AM,$0.06,$0.06,$0.05,$0.05,2197
Haley,1/13/2024 12:00:00 AM,$0.11,$0.12,$0.09,$0.11,4716
DeSantis,1/14/2024 12:00:00 AM,$0.04,$0.06,$0.04,$0.04,15441
Trump,1/14/2024 12:00:00 AM,$0.41,$0.41,$0.40,$0.41,3358
Biden,1/14/2024 12:00:00 AM,$0.37,$0.39,$0.37,$0.38,2367
Harris,1/14/2024 12:00:00 AM,$0.03,$0.04,$0.02,$0.03,6260
Buttigieg,1/14/2024 12:00:00 AM,$0.01,$0.01,$0.01,$0.01,0
Newsom,1/14/2024 12:00:00 AM,$0.04,$0.05,$0.03,$0.03,8560
Ramaswamy,1/14/2024 12:00:00 AM,$0.05,$0.08,$0.05,$0.05,14098
Scott,1/14/2024 12:00:00 AM,$0.01,$0.01,$0.01,$0.01,0
RFK Jr.,1/14/2024 12:00:00 AM,$0.05,$0.06,$0.05,$0.05,997
Haley,1/14/2024 12:00:00 AM,$0.11,$0.11,$0.09,$0.10,3204
DeSantis,1/15/2024 12:00:00 AM,$0.04,$0.07,$0.03,$0.04,23624
Trump,1/15/2024 12:00:00 AM,$0.41,$0.44,$0.40,$0.42,17604
Biden,1/15/2024 12:00:00 AM,$0.38,$0.40,$0.37,$0.39,12275
Harris,1/15/2024 12:00:00 AM,$0.03,$0.04,$0.02,$0.02,2770
Buttigieg,1/15/2024 12:00:00 AM,$0.01,$0.01,$0.01,$0.01,69
Newsom,1/15/2024 12:00:00 AM,$0.03,$0.04,$0.03,$0.04,7411
Ramaswamy,1/15/2024 12:00:00 AM,$0.05,$0.07,$0.01,$0.01,55198
Scott,1/15/2024 12:00:00 AM,$0.01,$0.01,$0.01,$0.01,0
RFK Jr.,1/15/2024 12:00:00 AM,$0.05,$0.08,$0.05,$0.05,25372
Haley,1/15/2024 12:00:00 AM,$0.10,$0.11,$0.08,$0.08,22079
DeSantis,1/16/2024 12:00:00 AM,$0.04,$0.04,$0.02,$0.02,16568
Trump,1/16/2024 12:00:00 AM,$0.42,$0.47,$0.42,$0.47,27197
Biden,1/16/2024 12:00:00 AM,$0.39,$0.43,$0.39,$0.41,30688
Harris,1/16/2024 12:00:00 AM,$0.02,$0.03,$0.02,$0.03,3182
Buttigieg,1/16/2024 12:00:00 AM,$0.01,$0.01,$0.01,$0.01,25
Newsom,1/16/2024 12:00:00 AM,$0.04,$0.05,$0.03,$0.03,9055
Ramaswamy,1/16/2024 12:00:00 AM,$0.01,$0.01,$0.01,$0.01,13731
Scott,1/16/2024 12:00:00 AM,$0.01,$0.01,$0.01,$0.01,0
RFK Jr.,1/16/2024 12:00:00 AM,$0.05,$0.07,$0.04,$0.06,16497
Haley,1/16/2024 12:00:00 AM,$0.08,$0.09,$0.06,$0.09,19214
DeSantis,1/17/2024 12:00:00 AM,$0.02,$0.03,$0.02,$0.02,2776
Trump,1/17/2024 12:00:00 AM,$0.47,$0.48,$0.46,$0.48,13065
Biden,1/17/2024 12:00:00 AM,$0.41,$0.43,$0.41,$0.41,11224
Harris,1/17/2024 12:00:00 AM,$0.03,$0.03,$0.02,$0.03,5908
Buttigieg,1/17/2024 12:00:00 AM,$0.01,$0.01,$0.01,$0.01,125
Newsom,1/17/2024 12:00:00 AM,$0.03,$0.04,$0.03,$0.03,11278
Ramaswamy,1/17/2024 12:00:00 AM,$0.01,$0.01,$0.01,$0.01,3100
Scott,1/17/2024 12:00:00 AM,$0.01,$0.01,$0.01,$0.01,51
RFK Jr.,1/17/2024 12:00:00 AM,$0.06,$0.06,$0.04,$0.05,7687
Haley,1/17/2024 12:00:00 AM,$0.09,$0.09,$0.06,$0.07,21185
